arrondissement,loyer_m2
1,21.1322992297686
2,27.5839127906648
3,27.5839127906648
4,21.1322992297686
5,21.1322992297686
6,27.5839127906648
7,27.5839127906648
8,27.5839127906648
9,27.5839127906648
10,19.5122278775979
11,19.5122278775979
12,21.1322992297686
13,22.7414494946668
14,27.5839127906648
15,25.8604644142279
16,27.9074033343299
17,28.4377560309499
18,19.5122278775979
19,19.5122278775979
20,21.4184785335102
